run,elapsed_s,bzy_mhz,pkg_tmp_c,pkg_watt,busy_pct
C2_fft_2400mhz_static,1,2400,71,32.2,97.57
C2_fft_2400mhz_static,2,2400,71,32.32,97.72
C2_fft_2400mhz_static,3,2400,73,32.34,97.98
C2_fft_2400mhz_static,4,2400,72,32.24,97.8
C2_fft_2400mhz_static,5,2400,71,32.23,97.65
C2_fft_2400mhz_static,6,2400,73,32.01,97.28
C2_fft_2400mhz_static,7,2400,72,32.13,97.53
C2_fft_2400mhz_static,8,2400,73,32.14,97.61
C2_fft_2400mhz_static,9,2400,72,32.19,97.66
C2_fft_2400mhz_static,10,2400,72,32.14,97.57
C2_fft_2400mhz_static,11,2400,74,32.06,97.41
C2_fft_2400mhz_static,12,2400,74,32.1,97.56
C2_fft_2400mhz_static,13,2400,74,32.15,97.71
C2_fft_2400mhz_static,14,2400,74,32.15,97.6
C2_fft_2400mhz_static,15,2400,73,32.13,97.56
C2_fft_2400mhz_static,16,2400,73,32,97.24
C2_fft_2400mhz_static,17,2400,73,32.15,97.74
C2_fft_2400mhz_static,18,2400,74,32.3,98.13
C2_fft_2400mhz_static,19,2400,74,32.05,97.43
C2_fft_2400mhz_static,20,2400,74,32.03,97.33
C2_fft_2400mhz_static,21,2400,74,32.04,97.49
C2_fft_2400mhz_static,22,2400,75,32.02,97.38
C2_fft_2400mhz_static,23,2400,74,32,97.29
C2_fft_2400mhz_static,24,2400,74,31.95,97.17
C2_fft_2400mhz_static,25,2400,74,31.95,97.23
C2_fft_2400mhz_static,26,2400,74,32.01,97.37
C2_fft_2400mhz_static,27,2400,74,32.16,97.95
C2_fft_2400mhz_static,28,2400,74,32.03,97.6
C2_fft_2400mhz_static,29,2400,75,32.04,97.49
C2_fft_2400mhz_static,30,2400,75,31.98,97.38
C2_fft_2400mhz_static,31,2400,74,32.08,97.6
C2_fft_2400mhz_static,32,2400,75,32.11,97.72
C2_fft_2400mhz_static,33,2400,75,32.03,97.61
C2_fft_2400mhz_static,34,2400,74,31.99,97.43
C2_fft_2400mhz_static,35,2400,76,32.07,97.7
C2_fft_2400mhz_static,36,2400,76,32,97.6
C2_fft_2400mhz_static,37,2400,75,32,97.65
C2_fft_2400mhz_static,38,2400,74,31.96,97.34
C2_fft_2400mhz_static,39,2400,75,31.72,96.86
C2_fft_2400mhz_static,40,2400,76,32.04,97.5
C2_fft_2400mhz_static,41,2400,75,32.05,97.52
C2_fft_2400mhz_static,42,2400,75,32.17,98.02
C2_fft_2400mhz_static,43,2400,76,32.2,97.89
C2_fft_2400mhz_static,44,2400,76,32.12,97.77
C2_fft_2400mhz_static,45,2400,75,31.93,97.47
C2_fft_2400mhz_static,46,2400,75,32.03,97.45
C2_fft_2400mhz_static,47,2400,77,31.96,97.6
C2_fft_2400mhz_static,48,2400,76,31.99,97.51
C2_fft_2400mhz_static,49,2400,76,31.97,97.65
C2_fft_2400mhz_static,50,2400,77,31.93,97.38
C2_fft_2400mhz_static,51,2400,75,31.89,97.47
C2_fft_2400mhz_static,52,2400,77,32.08,97.73
C2_fft_2400mhz_static,53,2400,76,31.94,97.75
C2_fft_2400mhz_static,54,2400,76,32.1,97.71
C2_fft_2400mhz_static,55,2400,77,32,97.69
C2_fft_2400mhz_static,56,2400,76,31.94,97.52
C2_fft_2400mhz_static,57,2400,76,31.97,97.57
C2_fft_2400mhz_static,58,2400,76,32.01,97.76
C2_fft_2400mhz_static,59,2400,76,31.86,97.34
C2_fft_2400mhz_static,60,2400,77,31.89,97.23
C2_fft_2400mhz_static,61,2400,77,31.89,97.4
C2_fft_2400mhz_static,62,2400,77,31.94,97.57
C2_fft_2400mhz_static,63,2400,76,31.89,97.51
C2_fft_2400mhz_static,64,2400,77,31.98,97.7
C2_fft_2400mhz_static,65,2400,78,31.9,97.58
C2_fft_2400mhz_static,66,2400,77,31.95,97.4
C2_fft_2400mhz_static,67,2400,76,31.95,98.03
C2_fft_2400mhz_static,68,2400,77,32.15,98.02
C2_fft_2400mhz_static,69,2400,78,31.9,97.37
C2_fft_2400mhz_static,70,2400,77,31.98,97.91
C2_fft_2400mhz_static,71,2400,77,31.9,97.26
C2_fft_2400mhz_static,72,2400,77,31.7,97.27
C2_fft_2400mhz_static,73,2400,76,32.06,97.76
C2_fft_2400mhz_static,74,2400,78,31.95,97.63
C2_fft_2400mhz_static,75,2400,78,31.98,97.82
C2_fft_2400mhz_static,76,2400,77,31.95,97.67
C2_fft_2400mhz_static,77,2400,76,31.94,97.64
C2_fft_2400mhz_static,78,2400,77,31.81,97.2
C2_fft_2400mhz_static,79,2400,78,31.92,97.61
C2_fft_2400mhz_static,80,2400,77,31.84,97.36
C2_fft_2400mhz_static,81,2400,77,31.81,97.28
C2_fft_2400mhz_static,82,2400,79,32.03,98.05
C2_fft_2400mhz_static,83,2400,77,31.9,97.7
C2_fft_2400mhz_static,84,2400,78,31.83,97.43
C2_fft_2400mhz_static,85,2400,77,31.86,97.47
C2_fft_2400mhz_static,86,2400,79,31.89,97.63
C2_fft_2400mhz_static,87,2400,78,31.91,97.53
C2_fft_2400mhz_static,88,2400,78,31.89,97.66
C2_fft_2400mhz_static,89,2400,78,31.79,97.33
C2_fft_2400mhz_static,90,2400,78,31.85,97.57
C2_fft_2400mhz_static,91,2400,78,32.02,98.15
C2_fft_2400mhz_static,92,2400,78,31.84,97.47
C2_fft_2400mhz_static,93,2400,78,31.92,97.8
C2_fft_2400mhz_static,94,2400,78,31.86,97.62
C2_fft_2400mhz_static,95,2400,77,31.91,97.56
C2_fft_2400mhz_static,96,2400,77,31.89,97.56
C2_fft_2400mhz_static,97,2400,78,31.78,97.37
C2_fft_2400mhz_static,98,2400,79,31.94,97.64
C2_fft_2400mhz_static,99,2400,79,31.83,97.61
C2_fft_2400mhz_static,100,2400,80,31.85,97.56
C2_fft_2400mhz_static,101,2400,79,31.89,97.73
C2_fft_2400mhz_static,102,2400,79,31.79,97.47
C2_fft_2400mhz_static,103,2400,78,31.95,97.76
C2_fft_2400mhz_static,104,2400,79,31.8,97.47
C2_fft_2400mhz_static,105,2400,78,31.77,97.32
C2_fft_2400mhz_static,106,2400,78,31.85,97.45
C2_fft_2400mhz_static,107,2400,78,31.78,97.35
C2_fft_2400mhz_static,108,2400,78,31.81,97.38
C2_fft_2400mhz_static,109,2400,78,31.91,98
C2_fft_2400mhz_static,110,2400,80,31.87,97.84
C2_fft_2400mhz_static,111,2400,79,31.78,97.19
C2_fft_2400mhz_static,112,2400,78,31.77,97.41
C2_fft_2400mhz_static,113,2400,79,31.83,97.52
C2_fft_2400mhz_static,114,2400,79,31.73,97.02
C2_fft_2400mhz_static,115,2400,79,31.69,97.35
C2_fft_2400mhz_static,116,2400,80,32.04,98.03
C2_fft_2400mhz_static,117,2400,78,31.68,97.07
C2_fft_2400mhz_static,118,2400,79,31.95,97.62
C2_fft_2400mhz_static,119,2400,80,31.83,97.46
C2_fft_2400mhz_static,120,2400,78,31.88,97.74
C2_fft_2400mhz_static,121,2400,79,31.73,97.56
C2_fft_2400mhz_static,122,2400,80,31.96,97.6
C2_fft_2400mhz_static,123,2400,79,31.9,97.79
C2_fft_2400mhz_static,124,2400,79,31.84,97.53
C2_fft_2400mhz_static,125,2400,79,31.78,97.38
C2_fft_2400mhz_static,126,2400,80,31.81,97.58
C2_fft_2400mhz_static,127,2400,79,31.84,97.55
C2_fft_2400mhz_static,128,2400,78,31.82,97.65
C2_fft_2400mhz_static,129,2400,79,31.73,97.22
C2_fft_2400mhz_static,130,2400,79,31.72,97.37
C2_fft_2400mhz_static,131,2400,78,31.75,97.25
C2_fft_2400mhz_static,132,2400,78,31.91,97.87
C2_fft_2400mhz_static,133,2400,79,31.91,97.95
C2_fft_2400mhz_static,134,2400,78,31.8,97.4
C2_fft_2400mhz_static,135,2400,78,31.67,97.23
C2_fft_2400mhz_static,136,2400,78,31.8,97.62
C2_fft_2400mhz_static,137,2400,79,31.7,97.2
C2_fft_2400mhz_static,138,2400,79,31.81,97.55
C2_fft_2400mhz_static,139,2400,79,31.89,97.82
C2_fft_2400mhz_static,140,2400,79,31.82,97.68
C2_fft_2400mhz_static,141,2400,80,31.89,97.77
C2_fft_2400mhz_static,142,2400,79,31.76,97.41
C2_fft_2400mhz_static,143,2400,79,31.86,97.93
C2_fft_2400mhz_static,144,2400,78,31.81,97.54
C2_fft_2400mhz_static,145,2400,78,31.69,97.24
C2_fft_2400mhz_static,146,2400,77,31.81,97.43
C2_fft_2400mhz_static,147,2400,78,31.8,97.51
C2_fft_2400mhz_static,148,2400,80,31.76,97.42
C2_fft_2400mhz_static,149,2400,79,31.85,97.61
C2_fft_2400mhz_static,150,2400,78,31.66,97.24
C2_fft_2400mhz_static,151,2400,79,31.8,97.61
C2_fft_2400mhz_static,152,2400,79,31.89,97.83
C2_fft_2400mhz_static,153,2400,79,31.82,97.67
C2_fft_2400mhz_static,154,2400,79,31.8,97.5
C2_fft_2400mhz_static,155,2400,79,31.77,97.65
C2_fft_2400mhz_static,156,2400,78,31.78,97.49
C2_fft_2400mhz_static,157,2400,78,31.69,97.34
C2_fft_2400mhz_static,158,2400,78,31.82,97.6
C2_fft_2400mhz_static,159,2400,78,31.76,97.52
C2_fft_2400mhz_static,160,2400,78,31.77,97.55
C2_fft_2400mhz_static,161,2400,78,31.83,97.61
C2_fft_2400mhz_static,162,2400,78,31.73,97.38
C2_fft_2400mhz_static,163,2400,81,31.95,98.17
C2_fft_2400mhz_static,164,2400,78,31.82,97.74
C2_fft_2400mhz_static,165,2400,79,31.93,98.12
C2_fft_2400mhz_static,166,2400,79,31.65,97.02
C2_fft_2400mhz_static,167,2400,81,31.85,97.64
C2_fft_2400mhz_static,168,2400,79,31.7,97.29
C2_fft_2400mhz_static,169,2400,80,31.95,98.07
C2_fft_2400mhz_static,170,2400,80,31.84,97.77
C2_fft_2400mhz_static,171,2400,79,31.91,98.21
C2_fft_2400mhz_static,172,2400,80,31.69,97.51
C2_fft_2400mhz_static,173,2400,80,31.7,96.93
C2_fft_2400mhz_static,174,2400,80,31.94,98.05
C2_fft_2400mhz_static,175,2400,79,31.7,97.21
C2_fft_2400mhz_static,176,2400,80,31.91,97.91
C2_fft_2400mhz_static,177,2400,80,31.8,97.69
C2_fft_2400mhz_static,178,2400,78,31.77,97.46
C2_fft_2400mhz_static,179,2400,79,31.68,97.1
C2_fft_2400mhz_static,180,2400,80,31.71,97.19
C2_fft_2400mhz_static,181,2400,81,31.73,97.2
C2_fft_2400mhz_static,182,2400,78,31.77,97.61
C2_fft_2400mhz_static,183,2400,80,31.67,97.19
C2_fft_2400mhz_static,184,2400,80,31.9,97.89
C2_fft_2400mhz_static,185,2400,80,31.7,97.23
C2_fft_2400mhz_static,186,2400,79,31.67,97.24
C2_fft_2400mhz_static,187,2400,79,31.81,97.6
C2_fft_2400mhz_static,188,2400,79,31.82,97.61
C2_fft_2400mhz_static,189,2400,81,32.01,98.28
C2_fft_2400mhz_static,190,2400,80,31.76,97.51
C2_fft_2400mhz_static,191,2400,79,31.78,97.51
C2_fft_2400mhz_static,192,2400,79,31.94,97.93
C2_fft_2400mhz_static,193,2400,80,31.69,97.28
C2_fft_2400mhz_static,194,2400,79,31.82,97.72
C2_fft_2400mhz_static,195,2400,80,31.73,97.19
C2_fft_2400mhz_static,196,2400,80,31.74,97.39
C2_fft_2400mhz_static,197,2400,79,31.79,97.48
C2_fft_2400mhz_static,198,2400,79,31.87,97.81
C2_fft_2400mhz_static,199,2400,79,31.8,97.51
C2_fft_2400mhz_static,200,2400,80,31.79,97.62
C2_fft_2400mhz_static,201,2400,80,31.89,97.82
C2_fft_2400mhz_static,202,2400,80,31.85,97.8
C2_fft_2400mhz_static,203,2400,81,31.71,97.21
C2_fft_2400mhz_static,204,2400,80,32.01,98.22
C2_fft_2400mhz_static,205,2400,80,31.84,97.79
C2_fft_2400mhz_static,206,2400,80,31.9,98.01
C2_fft_2400mhz_static,207,2400,80,31.8,97.67
C2_fft_2400mhz_static,208,2400,80,31.74,97.71
C2_fft_2400mhz_static,209,2400,80,31.89,97.74
C2_fft_2400mhz_static,210,2400,79,31.74,97.44
C2_fft_2400mhz_static,211,2400,80,31.9,97.96
C2_fft_2400mhz_static,212,2400,80,31.76,97.43
C2_fft_2400mhz_static,213,2400,81,31.91,98.04
C2_fft_2400mhz_static,214,2400,80,31.83,97.55
C2_fft_2400mhz_static,215,2400,79,31.8,97.63
C2_fft_2400mhz_static,216,2400,81,31.89,97.82
C2_fft_2400mhz_static,217,2400,80,31.8,97.55
C2_fft_2400mhz_static,218,2400,80,31.88,97.97
C2_fft_2400mhz_static,219,2400,81,31.88,97.82
C2_fft_2400mhz_static,220,2400,80,31.76,97.44
C2_fft_2400mhz_static,221,2400,79,31.71,97.41
C2_fft_2400mhz_static,222,2400,80,31.74,97.33
C2_fft_2400mhz_static,223,2400,80,31.89,98.06
C2_fft_2400mhz_static,224,2400,81,31.85,97.88
C2_fft_2400mhz_static,225,2400,81,31.72,97.4
C2_fft_2400mhz_static,226,2400,80,31.79,97.63
C2_fft_2400mhz_static,227,2400,80,31.78,97.5
C2_fft_2400mhz_static,228,2400,80,31.65,97.27
C2_fft_2400mhz_static,229,2400,80,31.79,97.66
C2_fft_2400mhz_static,230,2400,80,31.67,97.82
C2_fft_2400mhz_static,231,2400,81,31.89,97.69
C2_fft_2400mhz_static,232,2400,80,31.72,97.57
C2_fft_2400mhz_static,233,2400,81,31.84,97.87
C2_fft_2400mhz_static,234,2400,80,31.68,97.32
C2_fft_2400mhz_static,235,2400,80,31.77,97.57
C2_fft_2400mhz_static,236,2400,80,31.8,97.67
C2_fft_2400mhz_static,237,2400,79,31.78,97.8
C2_fft_2400mhz_static,238,2400,79,31.72,97.39
C2_fft_2400mhz_static,239,2400,80,31.72,97.52
C2_fft_2400mhz_static,240,2400,80,31.83,97.95
C2_fft_2400mhz_static,241,2400,81,31.75,97.52
C2_fft_2400mhz_static,242,2400,81,31.77,97.78
C2_fft_2400mhz_static,243,2400,79,31.72,97.47
C2_fft_2400mhz_static,244,2400,81,31.8,97.85
C2_fft_2400mhz_static,245,2400,81,31.75,97.67
C2_fft_2400mhz_static,246,2400,79,31.69,97.2
C2_fft_2400mhz_static,247,2400,80,31.68,97.52
C2_fft_2400mhz_static,248,2400,80,31.94,98.18
C2_fft_2400mhz_static,249,2400,81,31.73,97.6
C2_fft_2400mhz_static,250,2400,80,31.8,97.83
C2_fft_2400mhz_static,251,2400,81,31.8,97.65
C2_fft_2400mhz_static,252,2400,80,31.69,97.41
C2_fft_2400mhz_static,253,2400,80,31.65,97.5
C2_fft_2400mhz_static,254,2400,80,31.84,97.5
C2_fft_2400mhz_static,255,2400,80,31.74,97.61
C2_fft_2400mhz_static,256,2400,79,31.68,97.44
C2_fft_2400mhz_static,257,2400,80,31.62,97.27
C2_fft_2400mhz_static,258,2400,81,31.87,98
C2_fft_2400mhz_static,259,2400,80,31.64,97.31
C2_fft_2400mhz_static,260,2400,80,31.82,97.79
C2_fft_2400mhz_static,261,2400,80,31.74,97.63
C2_fft_2400mhz_static,262,2400,79,31.52,96.78
C2_fft_2400mhz_static,263,2400,80,31.5,96.88
C2_fft_2400mhz_static,264,2400,80,31.65,97.26
C2_fft_2400mhz_static,265,2400,79,31.86,97.91
C2_fft_2400mhz_static,266,2400,80,31.66,97.35
C2_fft_2400mhz_static,267,2400,79,31.76,97.69
C2_fft_2400mhz_static,268,2400,79,31.8,97.7
C2_fft_2400mhz_static,269,2400,81,31.73,97.6
C2_fft_2400mhz_static,270,2400,80,31.87,97.98
C2_fft_2400mhz_static,271,2400,81,31.79,97.71
C2_fft_2400mhz_static,272,2400,81,31.69,97.42
C2_fft_2400mhz_static,273,2400,80,31.77,97.65
C2_fft_2400mhz_static,274,2400,80,31.69,97.56
C2_fft_2400mhz_static,275,2400,80,31.83,97.53
C2_fft_2400mhz_static,276,2400,81,31.76,97.52
C2_fft_2400mhz_static,277,2400,81,31.76,97.36
C2_fft_2400mhz_static,278,2400,80,31.73,97.38
C2_fft_2400mhz_static,279,2400,79,31.72,97.53
C2_fft_2400mhz_static,280,2400,80,31.74,97.46
C2_fft_2400mhz_static,281,2400,80,31.48,97.62
C2_fft_2400mhz_static,282,2400,80,32.06,97.64
C2_fft_2400mhz_static,283,2400,80,31.77,97.75
C2_fft_2400mhz_static,284,2400,80,31.72,97.49
C2_fft_2400mhz_static,285,2400,79,31.65,97.41
C2_fft_2400mhz_static,286,2400,80,31.76,97.53
C2_fft_2400mhz_static,287,2400,80,31.65,97.31
C2_fft_2400mhz_static,288,2400,80,31.73,97.78
C2_fft_2400mhz_static,289,2400,80,31.81,97.58
C2_fft_2400mhz_static,290,2400,80,31.77,97.74
C2_fft_2400mhz_static,291,2400,81,31.8,97.66
C2_fft_2400mhz_static,292,2400,80,31.67,97.36
C2_fft_2400mhz_static,293,2400,81,31.7,97.5
C2_fft_2400mhz_static,294,2400,81,31.8,97.7
C2_fft_2400mhz_static,295,2400,81,31.77,97.7
C2_fft_2400mhz_static,296,2400,81,31.75,97.55
C2_fft_2400mhz_static,297,2400,81,31.77,97.77
C2_fft_2400mhz_static,298,2400,81,31.68,97.4
C2_fft_2400mhz_static,299,2400,81,31.83,97.74
C2_fft_2400mhz_static,300,2400,81,31.74,97.48
C2_fft_2400mhz_static,301,2400,80,31.77,97.5
C2_fft_2400mhz_static,302,2400,80,31.73,97.55
C2_fft_2400mhz_static,303,2400,81,31.76,97.72
C2_fft_2400mhz_static,304,2400,79,31.68,97.17
C2_fft_2400mhz_static,305,2400,81,31.75,97.65
C2_fft_2400mhz_static,306,2400,80,31.64,97.34
C2_fft_2400mhz_static,307,2400,80,31.79,97.7
C2_fft_2400mhz_static,308,2400,80,31.7,97.45
C2_fft_2400mhz_static,309,2400,80,31.75,97.39
C2_fft_2400mhz_static,310,2400,81,31.68,97.2
C2_fft_2400mhz_static,311,2400,80,31.78,97.68
C2_fft_2400mhz_static,312,2400,80,31.72,97.43
C2_fft_2400mhz_static,313,2400,81,31.73,97.59
C2_fft_2400mhz_static,314,2400,80,31.83,97.72
C2_fft_2400mhz_static,315,2400,81,31.7,97.42
C2_fft_2400mhz_static,316,2400,80,31.7,97.33
C2_fft_2400mhz_static,317,2400,81,31.73,97.44
C2_fft_2400mhz_static,318,2400,80,31.92,98.27
C2_fft_2400mhz_static,319,2400,80,31.66,97.35
C2_fft_2400mhz_static,320,2400,81,31.6,97.02
C2_fft_2400mhz_static,321,2400,80,31.82,97.76
C2_fft_2400mhz_static,322,2400,81,31.75,97.39
C2_fft_2400mhz_static,323,2400,80,31.73,97.38
C2_fft_2400mhz_static,324,2400,81,31.83,97.73
C2_fft_2400mhz_static,325,2400,80,31.87,97.96
C2_fft_2400mhz_static,326,2400,80,31.8,97.67
C2_fft_2400mhz_static,327,2400,80,31.69,97.27
C2_fft_2400mhz_static,328,2400,81,31.75,97.44
C2_fft_2400mhz_static,329,2400,80,31.82,97.6
C2_fft_2400mhz_static,330,2400,81,31.71,97.48
C2_fft_2400mhz_static,331,2400,81,31.81,97.81
C2_fft_2400mhz_static,332,2400,81,31.73,97.37
C2_fft_2400mhz_static,333,2400,81,31.74,97.63
C2_fft_2400mhz_static,334,2400,80,31.78,97.45
C2_fft_2400mhz_static,335,2400,81,31.83,97.76
C2_fft_2400mhz_static,336,2400,80,31.75,97.64
C2_fft_2400mhz_static,337,2400,80,31.77,97.45
C2_fft_2400mhz_static,338,2400,79,31.8,97.46
C2_fft_2400mhz_static,339,2400,81,31.89,97.99
C2_fft_2400mhz_static,340,2400,80,31.8,97.48
C2_fft_2400mhz_static,341,2400,81,31.82,97.82
C2_fft_2400mhz_static,342,2400,80,31.69,97.34
C2_fft_2400mhz_static,343,2400,81,31.87,97.7
C2_fft_2400mhz_static,344,2400,79,31.76,97.48
C2_fft_2400mhz_static,345,2400,80,31.81,97.67
C2_fft_2400mhz_static,346,2400,80,31.78,97.63
C2_fft_2400mhz_static,347,2400,80,31.88,97.9
C2_fft_2400mhz_static,348,2400,80,31.83,97.62
C2_fft_2400mhz_static,349,2400,80,31.55,96.87
C2_fft_2400mhz_static,350,2400,80,31.65,97.15
C2_fft_2400mhz_static,351,2400,80,31.76,97.58
C2_fft_2400mhz_static,352,2400,80,31.75,97.39
C2_fft_2400mhz_static,353,2400,80,31.71,97.35
C2_fft_2400mhz_static,354,2400,80,31.77,97.6
C2_fft_2400mhz_static,355,2400,81,31.7,97.42
C2_fft_2400mhz_static,356,2400,81,31.75,97.38
C2_fft_2400mhz_static,357,2400,81,31.7,97.52
C2_fft_2400mhz_static,358,2400,81,31.81,97.26
C2_fft_2400mhz_static,359,2400,81,31.78,97.65
C2_fft_2400mhz_static,360,2400,81,31.65,97.01
C2_fft_2400mhz_static,361,2400,81,31.95,98.11
C2_fft_2400mhz_static,362,2400,81,31.81,97.8
C2_fft_2400mhz_static,363,2400,80,31.82,97.77
C2_fft_2400mhz_static,364,2400,81,31.72,97.31
C2_fft_2400mhz_static,365,2400,80,31.79,97.64
C2_fft_2400mhz_static,366,2400,80,31.81,97.56
C2_fft_2400mhz_static,367,2400,81,31.74,97.76
C2_fft_2400mhz_static,368,2400,81,31.81,97.32
C2_fft_2400mhz_static,369,2400,81,31.79,97.67
C2_fft_2400mhz_static,370,2400,81,31.73,97.53
C2_fft_2400mhz_static,371,2400,82,31.9,97.77
C2_fft_2400mhz_static,372,2400,81,31.69,97.17
C2_fft_2400mhz_static,373,2400,80,31.73,97.23
C2_fft_2400mhz_static,374,2400,80,31.73,97.35
C2_fft_2400mhz_static,375,2400,80,31.82,97.73
C2_fft_2400mhz_static,376,2400,81,31.64,97
C2_fft_2400mhz_static,377,2400,81,31.83,97.76
C2_fft_2400mhz_static,378,2400,80,31.66,96.94
C2_fft_2400mhz_static,379,2400,80,31.48,97.11
C2_fft_2400mhz_static,380,2400,80,31.9,97.68
C2_fft_2400mhz_static,381,2400,80,31.73,97.34
C2_fft_2400mhz_static,382,2400,79,31.7,97.35
C2_fft_2400mhz_static,383,2400,80,31.83,97.6
C2_fft_2400mhz_static,384,2400,80,31.81,97.74
C2_fft_2400mhz_static,385,2400,81,31.79,97.58
C2_fft_2400mhz_static,386,2400,80,31.74,97.52
C2_fft_2400mhz_static,387,2400,81,31.78,97.53
C2_fft_2400mhz_static,388,2400,81,31.82,97.53
C2_fft_2400mhz_static,389,2400,80,31.67,97.41
C2_fft_2400mhz_static,390,2400,80,31.67,97.3
C2_fft_2400mhz_static,391,2400,81,31.73,97.62
C2_fft_2400mhz_static,392,2400,81,31.64,97.21
C2_fft_2400mhz_static,393,2400,80,31.71,97.33
C2_fft_2400mhz_static,394,2400,81,31.68,97.27
C2_fft_2400mhz_static,395,2400,81,31.77,97.53
C2_fft_2400mhz_static,396,2400,80,31.82,97.77
C2_fft_2400mhz_static,397,2400,81,31.71,97.42
C2_fft_2400mhz_static,398,2400,80,31.88,97.99
C2_fft_2400mhz_static,399,2400,81,31.83,97.8
C2_fft_2400mhz_static,400,2400,80,31.93,98.13
C2_fft_2400mhz_static,401,2400,81,31.72,97.45
C2_fft_2400mhz_static,402,2400,80,31.88,97.85
C2_fft_2400mhz_static,403,2400,81,31.7,97.28
C2_fft_2400mhz_static,404,2400,81,31.58,97
C2_fft_2400mhz_static,405,2400,79,31.87,98.03
C2_fft_2400mhz_static,406,2400,80,31.69,97.26
C2_fft_2400mhz_static,407,2400,80,31.71,97.89
C2_fft_2400mhz_static,408,2400,81,32.01,98.04
C2_fft_2400mhz_static,409,2400,80,31.78,97.57
C2_fft_2400mhz_static,410,2400,80,31.78,97.73
C2_fft_2400mhz_static,411,2400,82,31.78,97.65
C2_fft_2400mhz_static,412,2400,82,31.76,97.73
C2_fft_2400mhz_static,413,2400,80,31.64,97.33
C2_fft_2400mhz_static,414,2400,81,31.76,97.53
C2_fft_2400mhz_static,415,2400,81,31.74,97.55
C2_fft_2400mhz_static,416,2400,81,31.96,98.19
C2_fft_2400mhz_static,417,2400,82,31.73,97.61
C2_fft_2400mhz_static,418,2400,81,31.76,97.55
C2_fft_2400mhz_static,419,2400,62,23.2,60.14
C2_fft_2400mhz_static,420,2095,61,9.83,2.34
C2_fft_2400mhz_static,421,1999,60,10.15,2.23
C2_fft_2400mhz_static,422,2109,59,10.12,2.26
C2_fft_2400mhz_static,423,2029,59,10.18,2.57
C2_fft_2400mhz_static,424,2053,58,10.16,2.29
T3_fft_turbo_3400mhz,1,3000,97,51.23,99.45
T3_fft_turbo_3400mhz,2,2999,99,51.54,99.45
T3_fft_turbo_3400mhz,3,1882,63,32.23,99.54
T3_fft_turbo_3400mhz,4,800,60,13.51,100
T3_fft_turbo_3400mhz,5,2909,98,49.67,99.46
T3_fft_turbo_3400mhz,6,2098,65,35.91,99.51
T3_fft_turbo_3400mhz,7,800,61,13.51,99.87
T3_fft_turbo_3400mhz,8,2689,99,45.8,99.56
T3_fft_turbo_3400mhz,9,2297,66,39.13,99.49
T3_fft_turbo_3400mhz,10,800,61,13.55,100
T3_fft_turbo_3400mhz,11,2469,97,41.92,99.38
T3_fft_turbo_3400mhz,12,2518,69,42.93,99.19
T3_fft_turbo_3400mhz,13,800,62,13.48,99.93
T3_fft_turbo_3400mhz,14,2247,97,38.19,99.34
T3_fft_turbo_3400mhz,15,2731,74,46.63,99.32
T3_fft_turbo_3400mhz,16,800,62,13.49,100
T3_fft_turbo_3400mhz,17,2012,97,34.14,99.65
T3_fft_turbo_3400mhz,18,2962,91,50.52,99.12
T3_fft_turbo_3400mhz,19,800,62,13.53,100
T3_fft_turbo_3400mhz,20,1796,94,30.38,99.55
T3_fft_turbo_3400mhz,21,2991,99,51.08,99.36
T3_fft_turbo_3400mhz,22,988,62,16.75,99.77
T3_fft_turbo_3400mhz,23,1571,94,26.59,99.78
T3_fft_turbo_3400mhz,24,2995,99,50.91,98.95
T3_fft_turbo_3400mhz,25,1225,62,20.77,99.82
T3_fft_turbo_3400mhz,26,1349,92,22.81,99.88
T3_fft_turbo_3400mhz,27,2989,99,50.99,99.51
T3_fft_turbo_3400mhz,28,1454,63,24.54,99.84
T3_fft_turbo_3400mhz,29,1129,87,19.07,99.83
T3_fft_turbo_3400mhz,30,2992,100,50.56,99.22
T3_fft_turbo_3400mhz,31,1682,63,28.45,99.7
T3_fft_turbo_3400mhz,32,902,79,15.2,99.89
T3_fft_turbo_3400mhz,33,2998,98,51.02,99.11
T3_fft_turbo_3400mhz,34,1915,65,32.38,99.57
T3_fft_turbo_3400mhz,35,800,61,13.45,99.92
T3_fft_turbo_3400mhz,36,2865,99,48.97,99.6
T3_fft_turbo_3400mhz,37,2143,66,36.21,99.33
T3_fft_turbo_3400mhz,38,800,62,13.49,99.99
T3_fft_turbo_3400mhz,39,2638,99,44.94,99.46
T3_fft_turbo_3400mhz,40,2361,68,39.98,99.48
T3_fft_turbo_3400mhz,41,800,61,13.5,99.93
T3_fft_turbo_3400mhz,42,2413,98,41.09,99.62
T3_fft_turbo_3400mhz,43,2577,72,43.61,99.56
T3_fft_turbo_3400mhz,44,800,62,13.52,100
T3_fft_turbo_3400mhz,45,2199,98,37.26,99.69
T3_fft_turbo_3400mhz,46,2798,78,47.54,99.17
T3_fft_turbo_3400mhz,47,800,62,13.5,99.94
T3_fft_turbo_3400mhz,48,1968,96,33.41,99.74
T3_fft_turbo_3400mhz,49,2973,100,50.36,99.15
T3_fft_turbo_3400mhz,50,839,63,14.2,99.93
T3_fft_turbo_3400mhz,51,1734,95,29.4,99.73
T3_fft_turbo_3400mhz,52,2972,99,50.42,99.36
T3_fft_turbo_3400mhz,53,1048,63,17.71,99.87
T3_fft_turbo_3400mhz,54,1507,94,25.52,99.81
T3_fft_turbo_3400mhz,55,2979,100,50.57,99.2
T3_fft_turbo_3400mhz,56,1269,62,21.38,99.82
T3_fft_turbo_3400mhz,57,1269,91,21.44,99.92
T3_fft_turbo_3400mhz,58,2979,98,50.56,99.24
T3_fft_turbo_3400mhz,59,1511,65,25.49,99.52
T3_fft_turbo_3400mhz,60,1035,88,17.39,99.94
T3_fft_turbo_3400mhz,61,2986,100,50.82,99.36
T3_fft_turbo_3400mhz,62,1732,65,29.22,99.62
T3_fft_turbo_3400mhz,63,820,67,13.83,99.99
T3_fft_turbo_3400mhz,64,2991,99,50.84,99.43
T3_fft_turbo_3400mhz,65,1964,65,33.06,99.52
T3_fft_turbo_3400mhz,66,800,61,13.5,100
T3_fft_turbo_3400mhz,67,2791,99,47.51,99.4
T3_fft_turbo_3400mhz,68,2183,66,36.78,99.43
T3_fft_turbo_3400mhz,69,800,62,13.47,99.99
T3_fft_turbo_3400mhz,70,2591,100,44.12,99.23
T3_fft_turbo_3400mhz,71,2392,70,40.29,99.3
T3_fft_turbo_3400mhz,72,800,63,13.5,100
T3_fft_turbo_3400mhz,73,2388,98,40.6,99.61
T3_fft_turbo_3400mhz,74,2602,72,43.81,99.5
T3_fft_turbo_3400mhz,75,800,62,13.48,99.96
T3_fft_turbo_3400mhz,76,2171,99,36.88,99.81
T3_fft_turbo_3400mhz,77,2812,80,47.5,99.26
T3_fft_turbo_3400mhz,78,800,64,13.5,99.97
T3_fft_turbo_3400mhz,79,1955,98,33.24,99.79
T3_fft_turbo_3400mhz,80,2963,99,49.98,99.02
T3_fft_turbo_3400mhz,81,884,63,14.96,99.95
T3_fft_turbo_3400mhz,82,1722,96,29.15,99.81
T3_fft_turbo_3400mhz,83,2969,99,50.33,99.22
T3_fft_turbo_3400mhz,84,1084,65,18.28,99.89
T3_fft_turbo_3400mhz,85,1488,94,25.12,99.8
T3_fft_turbo_3400mhz,86,2974,99,50.29,98.81
T3_fft_turbo_3400mhz,87,1299,64,21.92,99.67
T3_fft_turbo_3400mhz,88,1255,91,21.19,99.81
T3_fft_turbo_3400mhz,89,2983,98,50.43,98.91
T3_fft_turbo_3400mhz,90,1512,64,25.55,99.52
T3_fft_turbo_3400mhz,91,1018,86,17.08,99.94
T3_fft_turbo_3400mhz,92,2988,100,50.66,98.73
T3_fft_turbo_3400mhz,93,1749,65,29.48,99.31
T3_fft_turbo_3400mhz,94,800,63,13.48,99.94
T3_fft_turbo_3400mhz,95,2974,100,50.52,99.24
T3_fft_turbo_3400mhz,96,1961,66,32.85,99.17
T3_fft_turbo_3400mhz,97,800,63,13.5,99.96
T3_fft_turbo_3400mhz,98,2740,100,46.63,99.62
T3_fft_turbo_3400mhz,99,2203,68,37.05,99.39
T3_fft_turbo_3400mhz,100,800,63,13.48,99.94
T3_fft_turbo_3400mhz,101,2534,99,43.06,99.67
T3_fft_turbo_3400mhz,102,2405,69,40.41,98.47
T3_fft_turbo_3400mhz,103,800,62,13.5,99.8
T3_fft_turbo_3400mhz,104,2338,99,39.7,99.5
T3_fft_turbo_3400mhz,105,2623,73,44.24,98.83
T3_fft_turbo_3400mhz,106,800,62,13.49,100
T3_fft_turbo_3400mhz,107,2134,98,36.25,99.34
T3_fft_turbo_3400mhz,108,2845,81,47.75,98.44
T3_fft_turbo_3400mhz,109,800,63,13.49,99.96
T3_fft_turbo_3400mhz,110,1930,97,32.71,99.39
T3_fft_turbo_3400mhz,111,2962,99,49.87,98.63
T3_fft_turbo_3400mhz,112,904,63,15.23,99.97
T3_fft_turbo_3400mhz,113,1713,97,29.13,99.86
T3_fft_turbo_3400mhz,114,2962,98,49.83,98.81
T3_fft_turbo_3400mhz,115,1121,63,18.91,99.84
T3_fft_turbo_3400mhz,116,1470,93,24.88,99.76
T3_fft_turbo_3400mhz,117,2971,100,50.29,99.22
T3_fft_turbo_3400mhz,118,1347,64,22.65,99.73
T3_fft_turbo_3400mhz,119,1242,91,20.9,99.74
T3_fft_turbo_3400mhz,120,2973,99,50.44,99.39
T3_fft_turbo_3400mhz,121,1568,66,26.3,99.58
T3_fft_turbo_3400mhz,122,998,86,16.77,99.93
T3_fft_turbo_3400mhz,123,2985,98,50.61,99.17
T3_fft_turbo_3400mhz,124,1780,65,29.92,99.38
T3_fft_turbo_3400mhz,125,800,64,13.48,100
T3_fft_turbo_3400mhz,126,2957,100,49.92,99.36
T3_fft_turbo_3400mhz,127,1978,66,33.44,99.57
T3_fft_turbo_3400mhz,128,800,63,13.5,99.96
T3_fft_turbo_3400mhz,129,2756,99,46.86,99.66
T3_fft_turbo_3400mhz,130,2183,67,36.6,99.5
T3_fft_turbo_3400mhz,131,800,63,13.48,99.9
T3_fft_turbo_3400mhz,132,2534,99,43.22,99.62
T3_fft_turbo_3400mhz,133,2391,70,40.03,99.37
T3_fft_turbo_3400mhz,134,800,63,13.5,99.99
T3_fft_turbo_3400mhz,135,2325,100,39.59,99.57
T3_fft_turbo_3400mhz,136,2593,73,43.4,99.36
T3_fft_turbo_3400mhz,137,800,63,13.48,99.98
T3_fft_turbo_3400mhz,138,2123,99,36.11,99.74
T3_fft_turbo_3400mhz,139,2831,82,47.44,98.7
T3_fft_turbo_3400mhz,140,800,64,13.5,100
T3_fft_turbo_3400mhz,141,1916,99,32.49,99.74
T3_fft_turbo_3400mhz,142,2953,99,49.68,99.3
T3_fft_turbo_3400mhz,143,881,63,14.9,99.93
T3_fft_turbo_3400mhz,144,1697,97,28.59,99.63
T3_fft_turbo_3400mhz,145,2964,99,50.27,99.16
T3_fft_turbo_3400mhz,146,1103,63,18.57,99.87
T3_fft_turbo_3400mhz,147,1491,95,25.26,99.8
T3_fft_turbo_3400mhz,148,2967,100,49.98,98.83
T3_fft_turbo_3400mhz,149,1320,64,22.22,99.77
T3_fft_turbo_3400mhz,150,1290,93,21.78,99.79
T3_fft_turbo_3400mhz,151,2977,99,50.46,99.22
T3_fft_turbo_3400mhz,152,1516,64,25.52,99.46
T3_fft_turbo_3400mhz,153,1072,87,18.04,99.83
T3_fft_turbo_3400mhz,154,2976,98,50.38,99.16
T3_fft_turbo_3400mhz,155,1731,65,29.05,99.58
T3_fft_turbo_3400mhz,156,824,69,13.87,99.97
T3_fft_turbo_3400mhz,157,2985,100,50.53,99.3
T3_fft_turbo_3400mhz,158,1968,67,33.06,99.46
T3_fft_turbo_3400mhz,159,800,63,13.46,100
T3_fft_turbo_3400mhz,160,2790,100,47.54,99.45
T3_fft_turbo_3400mhz,161,2178,67,36.47,99.25
T3_fft_turbo_3400mhz,162,800,63,13.5,99.95
T3_fft_turbo_3400mhz,163,2571,100,43.7,99.41
T3_fft_turbo_3400mhz,164,2386,69,40.04,98.97
T3_fft_turbo_3400mhz,165,800,63,13.49,100
T3_fft_turbo_3400mhz,166,2346,99,39.98,99.72
T3_fft_turbo_3400mhz,167,2598,72,43.63,99.33
T3_fft_turbo_3400mhz,168,800,63,13.45,99.94
T3_fft_turbo_3400mhz,169,2138,99,36.42,99.67
T3_fft_turbo_3400mhz,170,2805,81,47.08,98.72
T3_fft_turbo_3400mhz,171,800,63,13.49,99.98
T3_fft_turbo_3400mhz,172,1915,98,32.49,99.67
T3_fft_turbo_3400mhz,173,2958,99,49.59,98.31
T3_fft_turbo_3400mhz,174,876,64,14.81,99.97
T3_fft_turbo_3400mhz,175,1675,96,28.35,99.39
T3_fft_turbo_3400mhz,176,2966,99,50.04,98.84
T3_fft_turbo_3400mhz,177,1111,63,18.72,99.81
T3_fft_turbo_3400mhz,178,1434,94,24.24,99.74
T3_fft_turbo_3400mhz,179,2970,98,50.21,98.99
T3_fft_turbo_3400mhz,180,1343,64,22.56,99.53
T3_fft_turbo_3400mhz,181,1218,90,20.31,99.75
T3_fft_turbo_3400mhz,182,2977,100,50.74,99.25
T3_fft_turbo_3400mhz,183,1568,64,26.31,99.72
T3_fft_turbo_3400mhz,184,999,86,16.82,99.92
T3_fft_turbo_3400mhz,185,2985,99,50.71,99.31
T3_fft_turbo_3400mhz,186,1791,66,30.07,99.55
T3_fft_turbo_3400mhz,187,800,63,13.46,100
T3_fft_turbo_3400mhz,188,2971,99,50.48,99.18
T3_fft_turbo_3400mhz,189,1992,66,33.26,99.11
T3_fft_turbo_3400mhz,190,800,62,13.49,100
T3_fft_turbo_3400mhz,191,2775,100,46.98,99.41
T3_fft_turbo_3400mhz,192,2194,68,36.79,99.28
T3_fft_turbo_3400mhz,193,800,63,13.5,100
T3_fft_turbo_3400mhz,194,2566,99,43.5,99.17
T3_fft_turbo_3400mhz,195,2413,71,40.39,99.46
T3_fft_turbo_3400mhz,196,800,63,13.49,99.96
T3_fft_turbo_3400mhz,197,2337,100,39.74,99.62
T3_fft_turbo_3400mhz,198,2627,74,43.82,99
T3_fft_turbo_3400mhz,199,800,64,13.47,100
T3_fft_turbo_3400mhz,200,2121,99,36.13,99.65
T3_fft_turbo_3400mhz,201,2837,82,47.49,99.21
T3_fft_turbo_3400mhz,202,800,63,13.48,99.95
T3_fft_turbo_3400mhz,203,1895,98,32.26,99.34
T3_fft_turbo_3400mhz,204,2949,99,49.42,98.82
T3_fft_turbo_3400mhz,205,898,63,15.13,99.93
T3_fft_turbo_3400mhz,206,1675,97,28.36,99.74
T3_fft_turbo_3400mhz,207,2959,99,49.79,98.89
T3_fft_turbo_3400mhz,208,1105,64,18.57,99.8
T3_fft_turbo_3400mhz,209,1438,94,24.34,99.9
T3_fft_turbo_3400mhz,210,2963,99,50.04,99.29
T3_fft_turbo_3400mhz,211,1334,64,22.44,99.6
T3_fft_turbo_3400mhz,212,1202,91,20.21,99.81
T3_fft_turbo_3400mhz,213,2975,99,50.5,99.44
T3_fft_turbo_3400mhz,214,1560,65,26.25,99.61
T3_fft_turbo_3400mhz,215,977,84,16.45,99.97
T3_fft_turbo_3400mhz,216,2981,99,50.51,99.24
T3_fft_turbo_3400mhz,217,1788,65,29.96,99.54
T3_fft_turbo_3400mhz,218,800,62,13.5,99.86
T3_fft_turbo_3400mhz,219,2944,99,49.87,99.41
T3_fft_turbo_3400mhz,220,2000,65,33.55,99.48
T3_fft_turbo_3400mhz,221,800,62,13.49,99.8
T3_fft_turbo_3400mhz,222,2746,100,46.69,99.57
T3_fft_turbo_3400mhz,223,2201,68,36.85,99.5
T3_fft_turbo_3400mhz,224,800,63,13.49,99.97
T3_fft_turbo_3400mhz,225,2570,100,43.58,99.25
T3_fft_turbo_3400mhz,226,2395,70,40.23,99.31
T3_fft_turbo_3400mhz,227,800,63,13.48,99.95
T3_fft_turbo_3400mhz,228,2376,99,40.44,99.22
T3_fft_turbo_3400mhz,229,2606,74,43.66,99.22
T3_fft_turbo_3400mhz,230,800,63,13.5,99.98
T3_fft_turbo_3400mhz,231,2149,97,36.51,99.46
T3_fft_turbo_3400mhz,232,2840,83,47.53,99.04
T3_fft_turbo_3400mhz,233,800,63,13.5,100
T3_fft_turbo_3400mhz,234,1909,97,32.37,99.61
T3_fft_turbo_3400mhz,235,2955,100,49.87,99.18
T3_fft_turbo_3400mhz,236,928,63,15.64,99.9
T3_fft_turbo_3400mhz,237,1665,95,28.25,99.78
T3_fft_turbo_3400mhz,238,2957,99,49.8,99.14
T3_fft_turbo_3400mhz,239,1130,63,19,99.75
T3_fft_turbo_3400mhz,240,1456,93,24.53,99.66
T3_fft_turbo_3400mhz,241,2967,99,50.21,98.96
T3_fft_turbo_3400mhz,242,1321,65,22.19,99.82
T3_fft_turbo_3400mhz,243,1238,91,20.91,99.84
T3_fft_turbo_3400mhz,244,2981,100,50.45,98.8
T3_fft_turbo_3400mhz,245,1526,64,25.71,99.47
T3_fft_turbo_3400mhz,246,1016,86,17.11,99.97
T3_fft_turbo_3400mhz,247,2979,100,50.38,99.14
T3_fft_turbo_3400mhz,248,1736,66,29.17,99.36
T3_fft_turbo_3400mhz,249,801,62,13.46,100
T3_fft_turbo_3400mhz,250,2980,99,50.48,98.92
T3_fft_turbo_3400mhz,251,1952,67,32.73,99.18
T3_fft_turbo_3400mhz,252,800,63,13.49,100
T3_fft_turbo_3400mhz,253,2764,100,46.81,99.21
T3_fft_turbo_3400mhz,254,2168,67,36.43,99.45
T3_fft_turbo_3400mhz,255,800,64,13.46,100
T3_fft_turbo_3400mhz,256,2560,99,43.54,99.44
T3_fft_turbo_3400mhz,257,2333,70,38.91,99.28
T3_fft_turbo_3400mhz,258,800,63,13.5,99.98
T3_fft_turbo_3400mhz,259,2388,99,40.66,99.69
T3_fft_turbo_3400mhz,260,2576,73,43.03,99.12
T3_fft_turbo_3400mhz,261,800,63,13.51,99.95
T3_fft_turbo_3400mhz,262,2157,99,36.63,99.53
T3_fft_turbo_3400mhz,263,2805,81,46.78,98.91
T3_fft_turbo_3400mhz,264,800,64,13.49,99.93
T3_fft_turbo_3400mhz,265,1941,98,33.02,99.68
T3_fft_turbo_3400mhz,266,2943,99,49.29,99.01
T3_fft_turbo_3400mhz,267,886,63,14.98,99.91
T3_fft_turbo_3400mhz,268,1725,96,29.24,99.65
T3_fft_turbo_3400mhz,269,2953,99,49.71,99.21
T3_fft_turbo_3400mhz,270,1104,65,18.55,99.84
T3_fft_turbo_3400mhz,271,1496,96,25.16,99.83
T3_fft_turbo_3400mhz,272,2961,99,50.08,99.23
T3_fft_turbo_3400mhz,273,1310,65,22,99.8
T3_fft_turbo_3400mhz,274,1290,92,21.84,99.81
T3_fft_turbo_3400mhz,275,2970,99,50.18,99.29
T3_fft_turbo_3400mhz,276,1510,64,25.39,99.65
T3_fft_turbo_3400mhz,277,1065,88,17.87,99.93
T3_fft_turbo_3400mhz,278,2974,99,50.42,99.22
T3_fft_turbo_3400mhz,279,1711,64,28.64,99.31
T3_fft_turbo_3400mhz,280,842,72,14.16,99.89
T3_fft_turbo_3400mhz,281,2985,99,50.68,99.47
T3_fft_turbo_3400mhz,282,1926,66,32.34,99.48
T3_fft_turbo_3400mhz,283,800,63,13.49,100
T3_fft_turbo_3400mhz,284,2799,100,47.5,99.02
T3_fft_turbo_3400mhz,285,2140,68,35.82,99.11
T3_fft_turbo_3400mhz,286,800,63,13.49,100
T3_fft_turbo_3400mhz,287,2570,99,43.68,99.28
T3_fft_turbo_3400mhz,288,2358,70,39.4,98.83
T3_fft_turbo_3400mhz,289,800,64,13.48,100
T3_fft_turbo_3400mhz,290,2344,99,39.89,99.59
T3_fft_turbo_3400mhz,291,2586,73,43.26,99.04
T3_fft_turbo_3400mhz,292,800,64,13.46,100
T3_fft_turbo_3400mhz,293,2119,99,36.08,99.69
T3_fft_turbo_3400mhz,294,2805,80,46.93,99.18
T3_fft_turbo_3400mhz,295,800,63,13.48,100
T3_fft_turbo_3400mhz,296,1913,98,32.42,99.7
T3_fft_turbo_3400mhz,297,2943,99,49.43,99.15
T3_fft_turbo_3400mhz,298,897,64,15.14,99.89
T3_fft_turbo_3400mhz,299,1675,98,28.35,99.67
T3_fft_turbo_3400mhz,300,2951,99,49.68,99.26
T3_fft_turbo_3400mhz,301,1085,64,18.24,99.85
T3_fft_turbo_3400mhz,302,1505,95,25.39,99.75
T3_fft_turbo_3400mhz,303,2958,99,49.81,98.96
T3_fft_turbo_3400mhz,304,1309,65,21.97,99.6
T3_fft_turbo_3400mhz,305,1263,92,21.31,99.74
T3_fft_turbo_3400mhz,306,2966,100,49.95,99.36
T3_fft_turbo_3400mhz,307,1529,65,25.76,99.65
T3_fft_turbo_3400mhz,308,1045,87,17.62,99.85
T3_fft_turbo_3400mhz,309,2977,99,50.44,99.48
T3_fft_turbo_3400mhz,310,1768,65,29.66,99.65
T3_fft_turbo_3400mhz,311,808,64,13.58,99.98
T3_fft_turbo_3400mhz,312,2983,99,50.57,99.52
T3_fft_turbo_3400mhz,313,1989,66,33.28,99.52
T3_fft_turbo_3400mhz,314,800,63,13.53,99.88
T3_fft_turbo_3400mhz,315,2762,98,46.99,99.5
T3_fft_turbo_3400mhz,316,2196,68,36.68,99.42
T3_fft_turbo_3400mhz,317,800,63,13.5,100
T3_fft_turbo_3400mhz,318,2544,100,43.33,99.71
T3_fft_turbo_3400mhz,319,2405,71,40.15,99.14
T3_fft_turbo_3400mhz,320,800,64,13.52,100
T3_fft_turbo_3400mhz,321,2329,99,39.61,99.64
T3_fft_turbo_3400mhz,322,2610,73,43.75,99.39
T3_fft_turbo_3400mhz,323,800,64,13.42,100
T3_fft_turbo_3400mhz,324,2117,100,36.16,99.62
T3_fft_turbo_3400mhz,325,2808,81,47.07,99.53
T3_fft_turbo_3400mhz,326,800,64,13.51,99.91
T3_fft_turbo_3400mhz,327,1894,99,32.1,99.74
T3_fft_turbo_3400mhz,328,2953,100,49.69,99.1
T3_fft_turbo_3400mhz,329,892,63,15.06,99.95
T3_fft_turbo_3400mhz,330,1662,96,28.16,99.74
T3_fft_turbo_3400mhz,331,2957,100,49.9,99.37
T3_fft_turbo_3400mhz,332,1127,65,18.95,99.61
T3_fft_turbo_3400mhz,333,1421,94,24.02,99.79
T3_fft_turbo_3400mhz,334,2962,99,50,99.45
T3_fft_turbo_3400mhz,335,1349,65,22.49,99.81
T3_fft_turbo_3400mhz,336,1203,92,20.39,99.88
T3_fft_turbo_3400mhz,337,2970,99,50.14,99
T3_fft_turbo_3400mhz,338,1574,65,26.36,99.52
T3_fft_turbo_3400mhz,339,981,85,16.46,99.79
T3_fft_turbo_3400mhz,340,2977,99,50.51,99.37
T3_fft_turbo_3400mhz,341,1803,66,30.22,99.33
T3_fft_turbo_3400mhz,342,800,64,13.5,100
T3_fft_turbo_3400mhz,343,2955,100,50.16,99.45
T3_fft_turbo_3400mhz,344,2023,67,33.89,99.63
T3_fft_turbo_3400mhz,345,800,63,13.47,100
T3_fft_turbo_3400mhz,346,2757,98,46.94,99.59
T3_fft_turbo_3400mhz,347,2231,69,37.25,99.21
T3_fft_turbo_3400mhz,348,800,64,13.48,99.94
T3_fft_turbo_3400mhz,349,2524,98,42.89,99.56
T3_fft_turbo_3400mhz,350,2449,71,41,99.33
T3_fft_turbo_3400mhz,351,800,64,13.49,100
T3_fft_turbo_3400mhz,352,2311,100,39.32,99.71
T3_fft_turbo_3400mhz,353,2655,74,44.28,98.79
T3_fft_turbo_3400mhz,354,800,64,13.48,100
T3_fft_turbo_3400mhz,355,2078,99,35.31,99.7
T3_fft_turbo_3400mhz,356,2884,88,48.25,99.09
T3_fft_turbo_3400mhz,357,800,64,13.5,99.97
T3_fft_turbo_3400mhz,358,1849,98,31.33,99.76
T3_fft_turbo_3400mhz,359,2950,98,49.6,99.14
T3_fft_turbo_3400mhz,360,954,64,16.03,99.9
T3_fft_turbo_3400mhz,361,1622,96,27.47,99.85
T3_fft_turbo_3400mhz,362,2952,99,49.7,99.3
T3_fft_turbo_3400mhz,363,1158,64,19.42,99.85
T3_fft_turbo_3400mhz,364,1393,94,23.54,99.87
T3_fft_turbo_3400mhz,365,2961,99,49.93,99.28
T3_fft_turbo_3400mhz,366,1377,65,23.03,99.81
T3_fft_turbo_3400mhz,367,1148,91,19.35,99.94
T3_fft_turbo_3400mhz,368,2969,100,50.25,99.45
T3_fft_turbo_3400mhz,369,1617,65,27.11,99.57
T3_fft_turbo_3400mhz,370,912,81,15.33,99.9
T3_fft_turbo_3400mhz,371,2981,97,50.51,99.29
T3_fft_turbo_3400mhz,372,1843,65,30.77,99.38
T3_fft_turbo_3400mhz,373,800,62,13.53,100
T3_fft_turbo_3400mhz,374,2887,99,48.86,99.43
T3_fft_turbo_3400mhz,375,2047,67,34.27,99.34
T3_fft_turbo_3400mhz,376,800,63,13.48,100
T3_fft_turbo_3400mhz,377,2687,100,45.72,99.62
T3_fft_turbo_3400mhz,378,2267,69,37.93,99.44
T3_fft_turbo_3400mhz,379,800,63,13.5,99.94
T3_fft_turbo_3400mhz,380,2476,98,42.03,99.52
T3_fft_turbo_3400mhz,381,2478,71,41.25,99.13
T3_fft_turbo_3400mhz,382,800,63,13.53,100
T3_fft_turbo_3400mhz,383,2276,100,38.67,99.52
T3_fft_turbo_3400mhz,384,2694,76,44.91,99.09
T3_fft_turbo_3400mhz,385,800,63,13.47,100
T3_fft_turbo_3400mhz,386,2075,100,35.35,99.75
T3_fft_turbo_3400mhz,387,2890,90,48.14,98.88
T3_fft_turbo_3400mhz,388,800,64,13.48,100
T3_fft_turbo_3400mhz,389,1847,98,31.33,99.66
T3_fft_turbo_3400mhz,390,2945,100,49.25,98.7
T3_fft_turbo_3400mhz,391,975,64,16.42,99.96
T3_fft_turbo_3400mhz,392,1617,96,27.38,99.66
T3_fft_turbo_3400mhz,393,2955,98,49.62,98.89
T3_fft_turbo_3400mhz,394,1182,66,19.86,99.81
T3_fft_turbo_3400mhz,395,1386,94,23.28,99.68
T3_fft_turbo_3400mhz,396,2960,99,50.02,99.12
T3_fft_turbo_3400mhz,397,1384,66,23.15,99.79
T3_fft_turbo_3400mhz,398,1171,90,19.67,99.83
T3_fft_turbo_3400mhz,399,2979,100,50.54,99.03
T3_fft_turbo_3400mhz,400,1595,66,26.72,99.61
T3_fft_turbo_3400mhz,401,940,83,15.84,99.92
T3_fft_turbo_3400mhz,402,2979,100,50.37,99.11
T3_fft_turbo_3400mhz,403,1813,66,30.33,99.54
T3_fft_turbo_3400mhz,404,800,63,13.47,100
T3_fft_turbo_3400mhz,405,2898,99,49.26,99.21
T3_fft_turbo_3400mhz,406,2033,66,34.07,98.97
T3_fft_turbo_3400mhz,407,800,62,13.48,99.99
T3_fft_turbo_3400mhz,408,2683,100,45.71,99.38
T3_fft_turbo_3400mhz,409,2247,69,37.73,99.31
T3_fft_turbo_3400mhz,410,800,64,13.49,100
T3_fft_turbo_3400mhz,411,2475,99,42.1,99.57
T3_fft_turbo_3400mhz,412,2458,71,41.08,98.87
T3_fft_turbo_3400mhz,413,800,63,13.46,99.99
T3_fft_turbo_3400mhz,414,2293,100,39.11,99.71
T3_fft_turbo_3400mhz,415,2659,74,44.51,99.26
T3_fft_turbo_3400mhz,416,800,64,13.5,99.96
T3_fft_turbo_3400mhz,417,2072,98,35.21,99.63
T3_fft_turbo_3400mhz,418,2947,65,34.62,62.01
T3_fft_turbo_3400mhz,419,2234,61,10.01,2.05
T3_fft_turbo_3400mhz,420,2154,61,9.87,2.11
T3_fft_turbo_3400mhz,421,2013,59,9.74,2.43
T3_fft_turbo_3400mhz,422,1953,59,9.8,2.2
T3_fft_turbo_3400mhz,423,2128,60,9.66,2.24
T3_fft_turbo_3400mhz,424,2217,59,9.69,2.1
